Neighborhood,Total Population,Total Households,Population in Households,Household Size,Population in Group Quarters,Family Households,Non-Family Households,Families with Children,Percent of All Households: Families with Children,0--4,5--9,10--14,15--17,18--19,20--24,25--34,35--44,45--54,55--59,60--64,65--74,75--84,85 Plus,Population,Total units,Occupied units,Vacant units,Percent owner occupied,Person per acre,Acres,Zip Code,Population below poverty level,Median household income,"Non-White, Non-Hispanic or Latino","Hispanic or Latino, of any race",Population with disability,Unemployment,Large households (5+ members),"Homes affordable to people earning less than $50,000","Rentals affordable to people earning less than $25,000",Rent-restricted units,Housing Choice Voucher holders,Median rent,Median home value,Percentage of rental units in poor condition,"Percent change in number of housing units, 2000-2012",Owner units affordable to average retail/service worker,Rental units affordable to average retail/service worker,Rental units affordable to average artist,Owner units affordable to average artist,Rental units affordable to average teacher,Owner units affordable to average teacher,Rental units affordable to average tech worker,Owner units affordable to average tech worker,"Change in percentage of population below poverty, 2000-2012","Change in median rent, 2000-2012","Change in median home value, 2000-2012",Percentage of homes within 1/4-mi of transit stop,Average monthly transportation cost,Percentage of housing and transportation costs that is transportation-related
ALLENDALE,6643,3263,6621,2.0,22,1650,1613,723,22.2,6.3,5.5,4.4,2.4,1.1,4.2,15.6,17.2,15.0,7.5,5.7,6.8,5.4,3.0,6643,3612,3263,349,64.1,5.1,1303.5,78757,16.0,55156.0,5.0,25.0,10.0,6.0,5.0,21.0,8.0,4.0,1.0,895.0,253300.0,0.7,10.0,2.0,6.0,32.0,8.0,75.0,21.0,100.0,56.0,103.0,24.0,93.0,79.0,590.0,36.0
ANDERSON MILL,28473,10904,28368,2.6,105,7812,3092,4037,37.0,6.2,7.3,7.7,4.8,2.2,4.7,11.7,15.8,17.7,6.5,5.5,6.1,2.8,1.1,28473,11507,10904,603,67.3,5.0,5706.4,78750,7.0,75958.0,16.0,16.0,9.0,6.0,6.0,19.0,2.0,0.0,0.0,1012.0,303100.0,0.3,32.0,4.0,1.0,15.0,5.0,70.0,15.0,99.0,51.0,104.0,20.0,64.0,21.0,747.0,33.0
AVERY RANCH--LAKELINE,14785,5681,14785,2.6,0,3878,1803,2472,43.5,11.2,9.1,6.7,3.1,1.2,4.5,20.2,21.7,12.1,3.8,2.7,2.7,0.9,0.3,14785,6108,5681,427,60.5,3.2,4641.4,78717,3.0,93305.0,25.0,14.0,4.0,5.0,9.0,7.0,1.0,0.0,0.0,1018.0,243200.0,0.1,230.0,0.0,1.0,9.0,0.0,70.0,6.0,98.0,67.0,638.0,2.0,33.0,3.0,708.0,47.0
BARTON HILLS,8022,4614,7890,1.7,132,1445,3169,556,12.1,3.1,3.4,2.9,1.8,1.0,10.7,29.2,14.7,11.5,6.2,4.9,4.8,3.2,2.5,8022,4965,4614,351,31.4,3.9,2038.1,78704,21.0,50248.0,7.0,30.0,9.0,7.0,3.0,13.0,12.0,13.0,1.0,940.0,338200.0,0.4,9.0,0.0,11.0,26.0,2.0,76.0,13.0,99.0,33.0,33.0,40.0,126.0,76.0,629.0,33.0
BOULDIN,5510,2694,5468,2.0,42,1024,1670,489,18.2,7.9,5.5,4.2,2.6,1.7,8.9,26.4,17.3,11.5,4.5,3.5,3.2,1.7,1.0,5510,2949,2694,255,40.4,7.1,773.3,78704,21.0,50248.0,7.0,30.0,9.0,7.0,3.0,13.0,12.0,13.0,1.0,940.0,338200.0,0.4,9.0,0.0,11.0,26.0,2.0,76.0,13.0,99.0,33.0,33.0,40.0,126.0,76.0,629.0,33.0
BRENTWOOD,7513,4127,7469,1.8,44,1467,2660,562,13.6,4.8,3.4,2.7,1.7,2.0,10.6,26.2,17.9,13.5,6.3,3.7,3.4,2.5,1.4,7513,4401,4127,274,40.3,7.4,1013.7,78757,16.0,55156.0,5.0,25.0,10.0,6.0,5.0,21.0,8.0,4.0,1.0,895.0,253300.0,0.7,10.0,2.0,6.0,32.0,8.0,75.0,21.0,100.0,56.0,103.0,24.0,93.0,79.0,590.0,36.0
BRODIE LANE,10913,4770,10884,2.3,29,2646,2124,1239,26.0,6.6,5.7,4.9,3.3,2.1,7.4,23.5,16.0,15.3,5.9,4.0,3.2,1.6,0.4,10913,4939,4770,169,58.4,5.7,1920.3,78748,9.0,65889.0,10.0,35.0,9.0,6.0,8.0,29.0,4.0,7.0,3.0,1095.0,185500.0,0.6,74.0,0.0,4.0,12.0,0.0,63.0,22.0,100.0,92.0,260.0,29.0,58.0,40.0,747.0,44.0
BULL CREEK,7655,3409,7574,2.2,81,2155,1254,867,25.4,5.4,6.2,5.5,3.6,1.0,3.0,9.0,13.5,17.1,8.7,7.0,10.2,6.5,3.3,7655,3606,3409,197,76.2,3.4,2247.3,78757,16.0,55156.0,5.0,25.0,10.0,6.0,5.0,21.0,8.0,4.0,1.0,895.0,253300.0,0.7,10.0,2.0,6.0,32.0,8.0,75.0,21.0,100.0,56.0,103.0,24.0,93.0,79.0,590.0,36.0
CENTRAL EAST AUSTIN,4677,1874,4421,2.4,256,819,1055,389,20.8,7.2,5.6,4.9,2.8,5.2,12.8,23.5,13.1,10.5,4.3,2.8,3.4,2.9,1.0,4677,2102,1874,228,37.5,7.5,624.8,78702,33.0,34734.0,18.0,56.0,14.0,11.0,10.0,21.0,41.0,39.0,2.0,766.0,175400.0,2.2,15.0,0.0,39.0,51.0,2.0,80.0,15.0,99.0,67.0,3.0,73.0,207.0,96.0,590.0,39.0
CENTRAL WEST AUSTIN,10522,4490,10139,2.3,383,2501,1989,1300,29.0,7.5,7.0,5.8,2.9,1.0,5.0,18.7,15.3,14.1,6.4,5.6,6.1,3.3,1.5,10522,4891,4490,401,58.9,5.2,2025.5,78703,10.0,92606.0,9.0,9.0,6.0,4.0,4.0,3.0,11.0,0.0,0.0,1183.0,621900.0,0.4,1.0,0.0,8.0,25.0,0.0,51.0,2.0,92.0,13.0,7.0,65.0,104.0,67.0,629.0,25.0
CHERRY CREEK,20143,8449,20000,2.4,143,4867,3582,2147,25.4,6.6,5.4,5.2,3.1,2.1,7.4,21.1,15.8,13.8,6.3,4.6,5.0,2.5,1.2,20143,8842,8449,393,59.0,7.1,2854.4,78745,16.0,49243.0,7.0,40.0,11.0,7.0,6.0,33.0,8.0,7.0,2.0,990.0,166200.0,0.7,21.0,1.0,6.0,24.0,3.0,72.0,29.0,99.0,96.0,73.0,30.0,83.0,76.0,668.0,35.0
CHESTNUT,1777,678,1647,2.4,130,310,368,115,17.0,5.0,4.4,3.7,2.3,2.5,13.3,27.2,17.2,9.6,4.7,2.8,3.0,2.8,1.6,1777,765,678,87,53.4,9.8,180.5,78702,33.0,34734.0,18.0,56.0,14.0,11.0,10.0,21.0,41.0,39.0,2.0,766.0,175400.0,2.2,15.0,0.0,39.0,51.0,2.0,80.0,15.0,99.0,67.0,3.0,73.0,207.0,96.0,590.0,39.0
CIRCLE C SOUTH,12802,4016,12802,3.2,0,3575,441,2362,58.8,10.2,12.3,8.9,4.2,1.3,2.1,9.3,22.3,15.1,4.9,3.9,3.7,1.5,0.3,12802,4121,4016,105,94.8,4.0,3232.8,78739,1.0,126525.0,14.0,15.0,4.0,4.0,13.0,0.0,0.0,0.0,0.0,2000.0,350500.0,0.0,108.0,0.0,0.0,0.0,0.0,8.0,0.0,71.0,11.0,46.0,0.0,72.0,8.0,786.0,34.0
CORONADO HILLS,3546,1283,3544,2.8,2,766,517,426,33.2,13.5,8.4,4.3,2.4,2.6,10.4,21.9,12.9,8.9,4.2,3.0,3.8,2.7,0.8,3546,1390,1283,107,30.2,10.0,356.3,78752,32.0,33271.0,19.0,57.0,11.0,9.0,8.0,43.0,20.0,7.0,2.0,752.0,153000.0,0.8,15.0,5.0,14.0,55.0,8.0,92.0,39.0,100.0,86.0,8.0,17.0,71.0,80.0,629.0,37.0
CRESTVIEW,3927,1945,3786,1.9,141,883,1062,355,18.3,6.3,4.2,2.5,1.7,0.9,5.1,22.6,19.0,13.4,5.9,4.5,4.7,6.0,3.3,3927,2297,1945,352,61.3,6.0,652.8,78757,16.0,55156.0,5.0,25.0,10.0,6.0,5.0,21.0,8.0,4.0,1.0,895.0,253300.0,0.7,10.0,2.0,6.0,32.0,8.0,75.0,21.0,100.0,56.0,103.0,24.0,93.0,79.0,590.0,36.0
DAVENPORT--LAKE AUSTIN,5161,1996,5104,2.6,57,1403,593,739,37.0,4.8,8.5,9.2,5.9,1.9,2.5,7.9,16.1,17.9,8.3,7.4,6.4,2.5,0.6,5161,2223,1996,227,73.7,1.2,4245.5,78746,5.0,125327.0,10.0,8.0,6.0,4.0,7.0,1.0,4.0,0.0,0.0,1221.0,619900.0,0.1,12.0,0.0,4.0,8.0,0.0,48.0,1.0,94.0,6.0,32.0,32.0,80.0,14.0,786.0,29.0
DAWSON,2670,1273,2670,2.1,0,491,782,184,14.5,6.1,4.1,3.3,1.5,1.6,12.9,26.0,16.0,11.9,4.1,3.7,4.7,2.8,1.4,2670,1420,1273,147,37.2,8.5,315.2,78704,21.0,50248.0,7.0,30.0,9.0,7.0,3.0,13.0,12.0,13.0,1.0,940.0,338200.0,0.4,9.0,0.0,11.0,26.0,2.0,76.0,13.0,99.0,33.0,33.0,40.0,126.0,76.0,629.0,33.0
DECKER LAKE,326,94,326,3.5,0,83,11,56,59.6,14.4,12.3,9.5,3.4,2.8,5.2,16.9,16.9,8.6,1.5,4.6,2.5,1.2,0.3,326,103,94,9,80.9,0.0,6866.5,78724,38.0,35711.0,29.0,63.0,8.0,8.0,28.0,85.0,16.0,38.0,20.0,962.0,105700.0,1.5,48.0,28.0,15.0,22.0,42.0,78.0,84.0,100.0,96.0,208.0,37.0,46.0,21.0,786.0,40.0
DITTMAR--SLAUGHTER,15697,6333,15606,2.5,91,3666,2667,1708,27.0,7.2,6.0,5.6,3.6,2.3,7.9,20.7,15.6,14.1,6.0,4.5,4.0,1.7,0.6,15697,6644,6333,311,57.7,6.2,2531.9,78745,16.0,49243.0,7.0,40.0,11.0,7.0,6.0,33.0,8.0,7.0,2.0,990.0,166200.0,0.7,21.0,1.0,6.0,24.0,3.0,72.0,29.0,99.0,96.0,73.0,30.0,83.0,76.0,668.0,35.0
DOWNTOWN,7635,4379,6357,1.5,1278,908,3471,159,3.6,1.5,1.0,0.8,0.4,1.6,11.7,33.6,17.9,14.3,5.5,4.6,4.1,2.1,0.9,7635,5670,4379,1291,33.3,6.8,1117.2,78701,20.0,68152.0,16.0,14.0,10.0,9.0,0.0,7.0,7.0,9.0,0.0,1590.0,338300.0,0.8,134.0,0.0,7.0,12.0,1.0,29.0,7.0,90.0,30.0,12.0,115.0,59.0,97.0,433.0,23.0
EAST CESAR CHAVEZ,3291,1349,3083,2.3,208,595,754,225,16.7,6.1,4.5,4.6,3.0,1.9,6.7,21.2,14.1,13.1,5.5,4.8,6.8,5.3,2.4,3291,1482,1349,133,41.1,7.6,430.8,78702,33.0,34734.0,18.0,56.0,14.0,11.0,10.0,21.0,41.0,39.0,2.0,766.0,175400.0,2.2,15.0,0.0,39.0,51.0,2.0,80.0,15.0,99.0,67.0,3.0,73.0,207.0,96.0,590.0,39.0
EAST CONGRESS,3104,1374,3100,2.3,4,610,764,246,17.9,6.0,4.3,4.4,3.0,1.9,12.5,24.6,13.6,11.9,5.5,4.5,5.4,1.7,0.8,3104,1446,1374,72,50.3,4.0,771.9,78704,21.0,50248.0,7.0,30.0,9.0,7.0,3.0,13.0,12.0,13.0,1.0,940.0,338200.0,0.4,9.0,0.0,11.0,26.0,2.0,76.0,13.0,99.0,33.0,33.0,40.0,126.0,76.0,629.0,33.0
EAST OAK HILL,14508,6974,14398,2.1,110,3455,3519,1615,23.2,5.5,5.6,5.6,2.9,1.5,7.2,23.1,14.7,13.7,6.3,4.9,4.4,2.7,1.8,14508,7389,6974,415,40.8,2.9,5042.2,78735,6.0,74571.0,9.0,20.0,7.0,4.0,10.0,8.0,4.0,5.0,1.0,1122.0,379900.0,0.1,64.0,2.0,4.0,7.0,2.0,62.0,5.0,97.0,23.0,96.0,4.0,85.0,9.0,747.0,38.0
FOUR POINTS,6226,3087,6017,1.9,209,1287,1800,686,22.2,5.7,5.9,4.9,2.3,4.1,12.3,25.5,15.0,12.9,4.2,3.1,2.8,1.0,0.3,6226,3339,3087,252,16.0,1.3,4980.6,78730,4.0,119573.0,13.0,5.0,4.0,3.0,9.0,19.0,0.0,0.0,0.0,1106.0,570400.0,0.2,78.0,0.0,0.0,3.0,1.0,64.0,17.0,99.0,25.0,283.0,22.0,44.0,2.0,786.0,34.0
FRANKLIN PARK,16927,4313,16914,3.9,13,3507,806,2226,51.6,11.5,10.2,9.5,5.5,3.6,9.3,17.2,13.5,10.1,3.5,2.5,2.5,1.0,0.1,16927,4507,4313,194,45.0,11.8,1428.5,78744,26.0,41056.0,9.0,77.0,8.0,9.0,23.0,93.0,7.0,24.0,8.0,946.0,108100.0,0.7,35.0,13.0,6.0,22.0,33.0,81.0,87.0,100.0,100.0,89.0,26.0,44.0,63.0,708.0,40.0
GALINDO,3512,1745,3489,2.0,23,640,1105,274,15.7,5.4,5.0,4.7,2.5,2.0,8.9,26.8,16.2,12.6,4.8,4.1,3.9,2.4,0.8,3512,1864,1745,119,33.8,8.1,433.5,78704,21.0,50248.0,7.0,30.0,9.0,7.0,3.0,13.0,12.0,13.0,1.0,940.0,338200.0,0.4,9.0,0.0,11.0,26.0,2.0,76.0,13.0,99.0,33.0,33.0,40.0,126.0,76.0,629.0,33.0
GARRISON PARK,11748,5083,11725,2.3,23,2637,2446,1124,22.1,6.6,5.5,5.0,2.9,2.0,9.0,23.2,14.4,12.6,5.5,4.4,5.2,3.2,0.7,11748,5581,5083,498,48.7,8.7,1357.8,78745,16.0,49243.0,7.0,40.0,11.0,7.0,6.0,33.0,8.0,7.0,2.0,990.0,166200.0,0.7,21.0,1.0,6.0,24.0,3.0,72.0,29.0,99.0,96.0,73.0,30.0,83.0,76.0,668.0,35.0
GATEWAY,1121,748,1121,1.5,0,168,580,52,7.0,4.2,1.6,0.3,0.5,0.5,14.1,48.9,15.1,6.6,3.8,2.5,1.0,0.4,0.4,1121,815,748,67,0.0,2.3,484.7,78759,7.0,65672.0,18.0,11.0,8.0,7.0,2.0,13.0,3.0,1.0,0.0,962.0,307800.0,0.2,1.0,2.0,2.0,18.0,3.0,75.0,13.0,99.0,45.0,60.0,7.0,60.0,28.0,629.0,40.0
GEORGIA ACRES,8559,3128,8557,2.7,2,1783,1345,1111,35.5,11.8,8.3,6.0,3.2,2.9,11.1,20.9,14.6,11.0,3.8,2.6,2.4,1.2,0.3,8559,3763,3128,635,14.8,12.7,676.2,78753,26.0,39593.0,20.0,60.0,10.0,9.0,16.0,78.0,14.0,17.0,4.0,826.0,134900.0,0.7,19.0,8.0,11.0,40.0,24.0,89.0,75.0,100.0,98.0,128.0,26.0,40.0,59.0,708.0,44.0
GOVALLE,4006,1385,3913,2.8,93,837,548,334,24.1,6.6,5.7,5.5,4.1,2.5,6.8,17.0,13.6,12.6,5.2,5.3,8.2,5.1,1.7,4006,1523,1385,138,57.8,4.0,1004.8,78702,33.0,34734.0,18.0,56.0,14.0,11.0,10.0,21.0,41.0,39.0,2.0,766.0,175400.0,2.2,15.0,0.0,39.0,51.0,2.0,80.0,15.0,99.0,67.0,3.0,73.0,207.0,96.0,590.0,39.0
GRACY WOODS,28220,12659,28021,2.2,199,6564,6095,2977,23.5,7.3,5.4,4.3,2.6,2.1,8.9,24.6,14.8,13.2,5.9,3.9,3.9,2.0,1.1,28220,13330,12659,671,44.2,6.4,4412.6,78758,24.0,41792.0,22.0,46.0,9.0,10.0,10.0,71.0,11.0,9.0,2.0,898.0,144200.0,0.8,4.0,13.0,8.0,32.0,23.0,83.0,69.0,99.0,99.0,128.0,20.0,49.0,75.0,668.0,40.0
HANCOCK,4662,2466,4628,1.9,34,552,1914,194,7.9,2.4,2.2,1.4,1.0,2.7,38.3,25.9,8.4,7.1,3.6,2.7,2.9,1.1,0.5,4662,2710,2466,244,23.9,8.6,540.2,78751,26.0,38624.0,11.0,14.0,6.0,9.0,2.0,11.0,13.0,1.0,0.0,865.0,292200.0,0.4,7.0,0.0,9.0,38.0,2.0,68.0,10.0,97.0,42.0,23.0,38.0,97.0,98.0,550.0,40.0
HARRIS BRANCH,3432,1136,3432,3.0,0,889,247,477,42.0,9.9,8.1,6.9,3.8,1.7,5.0,19.3,16.8,14.8,5.2,3.6,3.1,1.6,0.3,3432,1192,1136,56,89.1,1.5,2294.6,78754,11.0,53274.0,36.0,32.0,8.0,9.0,7.0,70.0,4.0,9.0,5.0,969.0,167600.0,0.2,132.0,1.0,1.0,22.0,4.0,74.0,59.0,100.0,100.0,286.0,33.0,33.0,19.0,708.0,41.0
HAYS WARTHA,2,1,2,2.0,0,1,0,0,0.0,0.0,0.0,0.0,0.0,0.0,0.0,0.0,0.0,100.0,0.0,0.0,0.0,0.0,0.0,2,2,1,1,100.0,0.0,1796.3,78756,9.0,59685.0,8.0,9.0,12.0,4.0,2.0,20.0,17.0,6.0,0.0,888.0,342300.0,0.6,8.0,2.0,13.0,34.0,3.0,76.0,19.0,99.0,37.0,-20.0,47.0,99.0,90.0,550.0,40.0
HERITAGE HILLS,5853,1938,5850,3.0,3,1280,658,821,42.4,12.6,10.8,6.4,3.2,2.1,10.7,21.2,12.4,8.7,3.7,2.9,3.4,1.2,0.5,5853,2186,1938,248,34.8,6.8,864.8,78753,26.0,39593.0,20.0,60.0,10.0,9.0,16.0,78.0,14.0,17.0,4.0,826.0,134900.0,0.7,19.0,8.0,11.0,40.0,24.0,89.0,75.0,100.0,98.0,128.0,26.0,40.0,59.0,708.0,44.0
HIGHLAND,4225,1910,4225,2.2,0,873,1037,347,18.2,6.3,4.4,3.9,2.1,2.0,8.6,22.9,18.6,13.1,6.2,3.7,4.2,3.2,0.8,4225,2091,1910,181,47.7,5.1,832.4,78752,32.0,33271.0,19.0,57.0,11.0,9.0,8.0,43.0,20.0,7.0,2.0,752.0,153000.0,0.8,15.0,5.0,14.0,55.0,8.0,92.0,39.0,100.0,86.0,8.0,17.0,71.0,80.0,629.0,37.0
HIGHLAND PARK,3907,1647,3889,2.4,18,1123,524,477,29.0,5.4,6.8,7.1,3.5,1.3,2.7,7.9,14.7,16.7,10.0,7.6,8.5,4.9,2.9,3907,1741,1647,94,89.6,2.0,1935.4,78731,9.0,78265.0,12.0,9.0,8.0,4.0,2.0,13.0,4.0,0.0,0.0,1016.0,436800.0,0.5,8.0,0.0,2.0,24.0,2.0,67.0,12.0,97.0,26.0,26.0,31.0,68.0,44.0,747.0,32.0
HOLLY,3987,1506,3965,2.6,22,841,665,381,25.3,7.8,6.8,6.3,3.7,2.4,8.0,20.6,15.7,10.4,4.7,3.8,4.7,3.4,1.7,3987,1645,1506,139,50.1,8.7,459.7,78702,33.0,34734.0,18.0,56.0,14.0,11.0,10.0,21.0,41.0,39.0,2.0,766.0,175400.0,2.2,15.0,0.0,39.0,51.0,2.0,80.0,15.0,99.0,67.0,3.0,73.0,207.0,96.0,590.0,39.0
HYDE PARK,5894,3387,5859,1.7,35,808,2579,333,9.8,3.7,3.0,1.8,1.1,2.0,25.0,29.6,12.9,9.2,4.6,2.8,2.5,0.9,0.8,5894,3594,3387,207,26.3,12.7,465.1,78751,26.0,38624.0,11.0,14.0,6.0,9.0,2.0,11.0,13.0,1.0,0.0,865.0,292200.0,0.4,7.0,0.0,9.0,38.0,2.0,68.0,10.0,97.0,42.0,23.0,38.0,97.0,98.0,550.0,40.0
JESTER,4974,2329,4974,2.1,0,1298,1031,573,24.6,5.3,5.2,6.2,3.5,1.3,5.4,16.3,16.1,18.1,7.9,5.8,5.5,2.8,0.5,4974,2549,2329,220,57.5,1.3,3795.1,78750,7.0,75958.0,16.0,16.0,9.0,6.0,6.0,19.0,2.0,0.0,0.0,1012.0,303100.0,0.3,32.0,4.0,1.0,15.0,5.0,70.0,15.0,99.0,51.0,104.0,20.0,64.0,21.0,747.0,33.0
JOHNSTON TERRACE,1854,599,1854,3.1,0,381,218,193,32.2,9.8,9.1,7.7,3.6,3.5,6.2,18.9,15.0,11.1,3.5,3.9,4.9,2.4,0.5,1854,654,599,55,60.1,2.9,640.3,78721,32.0,32131.0,36.0,52.0,17.0,16.0,14.0,61.0,26.0,47.0,10.0,870.0,121000.0,2.0,35.0,12.0,25.0,39.0,22.0,84.0,57.0,100.0,95.0,36.0,62.0,113.0,87.0,668.0,40.0
JOLLYVILLE,19103,9067,19086,2.1,17,4824,4243,2163,23.9,5.5,5.5,5.7,3.0,1.3,6.1,18.0,16.9,16.2,7.0,5.3,5.4,2.7,1.4,19103,9539,9067,472,49.3,5.2,3702.5,78729,8.0,57358.0,22.0,17.0,7.0,7.0,7.0,26.0,3.0,0.0,0.0,1008.0,192300.0,0.1,28.0,0.0,2.0,17.0,1.0,73.0,22.0,100.0,96.0,116.0,12.0,43.0,13.0,747.0,37.0
LBJ,2624,794,2624,3.3,0,612,182,335,42.2,9.8,9.5,10.2,5.8,3.4,8.0,15.4,12.3,10.7,4.7,3.6,4.3,1.8,0.6,2624,841,794,47,39.7,1.6,1632.5,78724,38.0,35711.0,29.0,63.0,8.0,8.0,28.0,85.0,16.0,38.0,20.0,962.0,105700.0,1.5,48.0,28.0,15.0,22.0,42.0,78.0,84.0,100.0,96.0,208.0,37.0,46.0,21.0,786.0,40.0
MCNIEL,23322,11764,23160,2.0,162,5277,6487,2252,19.1,5.6,4.4,4.2,2.4,1.6,8.3,26.5,15.5,13.6,6.1,4.5,4.3,2.0,1.0,23322,12426,11764,662,39.5,5.4,4319.3,78729,8.0,57358.0,22.0,17.0,7.0,7.0,7.0,26.0,3.0,0.0,0.0,1008.0,192300.0,0.1,28.0,0.0,2.0,17.0,1.0,73.0,22.0,100.0,96.0,116.0,12.0,43.0,13.0,747.0,37.0
MLK,4917,1742,4863,2.8,54,1045,697,529,30.4,9.4,8.3,7.5,4.1,2.6,8.4,17.8,12.8,11.9,4.7,3.1,4.7,3.3,1.3,4917,2021,1742,279,42.0,5.0,992.5,78721,32.0,32131.0,36.0,52.0,17.0,16.0,14.0,61.0,26.0,47.0,10.0,870.0,121000.0,2.0,35.0,12.0,25.0,39.0,22.0,84.0,57.0,100.0,95.0,36.0,62.0,113.0,87.0,668.0,40.0
MLK-183,7675,2529,7585,3.0,90,1656,873,750,29.7,8.3,8.1,7.6,4.2,2.9,7.2,16.1,12.9,11.9,4.8,4.4,6.0,4.3,1.4,7675,2772,2529,243,54.7,3.4,2246.1,78721,32.0,32131.0,36.0,52.0,17.0,16.0,14.0,61.0,26.0,47.0,10.0,870.0,121000.0,2.0,35.0,12.0,25.0,39.0,22.0,84.0,57.0,100.0,95.0,36.0,62.0,113.0,87.0,668.0,40.0
MONTOPOLIS,10638,3152,10539,3.3,99,2312,840,1288,40.9,11.5,10.0,8.0,4.2,3.4,8.9,18.5,13.1,9.7,3.7,2.7,3.6,2.1,0.5,10638,3357,3152,205,46.8,7.4,1446.3,78741,40.0,30183.0,16.0,62.0,9.0,9.0,10.0,76.0,15.0,21.0,3.0,835.0,120200.0,0.6,18.0,28.0,11.0,40.0,39.0,86.0,76.0,100.0,93.0,45.0,28.0,58.0,80.0,668.0,43.0
MUELLER,2070,936,2070,2.2,0,463,473,237,25.3,10.8,5.6,3.0,1.1,1.3,10.6,31.0,19.4,8.9,3.4,2.5,1.9,0.4,0.1,2070,1120,936,184,60.3,2.8,726.6,78722,19.0,44917.0,18.0,19.0,11.0,8.0,3.0,7.0,11.0,12.0,1.0,930.0,265100.0,0.9,6.0,0.0,8.0,31.0,1.0,65.0,6.0,97.0,37.0,8.0,40.0,127.0,98.0,590.0,33.0
NACA,28604,9578,28532,3.0,72,6213,3365,3627,37.9,11.2,8.8,6.5,3.6,3.0,9.6,21.3,14.5,10.1,3.6,2.6,2.9,1.7,0.4,28604,10732,9578,1154,29.3,14.6,1953.7,78758,24.0,41792.0,22.0,46.0,9.0,10.0,10.0,71.0,11.0,9.0,2.0,898.0,144200.0,0.8,4.0,13.0,8.0,32.0,23.0,83.0,69.0,99.0,99.0,128.0,20.0,49.0,75.0,668.0,40.0
NORTH BURNET,4472,2554,4471,1.8,1,777,1777,364,14.3,5.9,4.2,2.0,1.2,4.0,16.7,39.8,14.0,6.7,2.2,2.1,1.2,0.2,0.0,4472,3018,2554,464,1.2,2.1,2088.1,78758,24.0,41792.0,22.0,46.0,9.0,10.0,10.0,71.0,11.0,9.0,2.0,898.0,144200.0,0.8,4.0,13.0,8.0,32.0,23.0,83.0,69.0,99.0,99.0,128.0,20.0,49.0,75.0,668.0,40.0
NORTH LAMAR,6478,1948,6464,3.3,14,1371,577,857,44.0,11.7,9.0,7.3,4.3,3.2,9.4,20.7,14.4,11.1,3.5,2.3,2.0,0.7,0.3,6478,2180,1948,232,26.7,10.3,627.8,78753,26.0,39593.0,20.0,60.0,10.0,9.0,16.0,78.0,14.0,17.0,4.0,826.0,134900.0,0.7,19.0,8.0,11.0,40.0,24.0,89.0,75.0,100.0,98.0,128.0,26.0,40.0,59.0,708.0,44.0
NORTH LOOP,5072,2506,5045,2.0,27,725,1781,288,11.5,4.5,2.6,2.1,1.3,2.0,24.4,29.1,15.0,8.8,3.4,2.5,2.1,1.4,0.8,5072,2758,2506,252,27.9,8.2,618.6,78751,26.0,38624.0,11.0,14.0,6.0,9.0,2.0,11.0,13.0,1.0,0.0,865.0,292200.0,0.4,7.0,0.0,9.0,38.0,2.0,68.0,10.0,97.0,42.0,23.0,38.0,97.0,98.0,550.0,40.0
NORTH SHOAL CREEK,3471,1948,3467,1.8,4,736,1212,283,14.5,5.8,3.7,2.4,1.5,1.0,6.6,24.9,15.0,12.7,5.9,5.9,7.3,5.7,1.6,3471,2139,1948,191,44.1,5.3,655.9,78757,16.0,55156.0,5.0,25.0,10.0,6.0,5.0,21.0,8.0,4.0,1.0,895.0,253300.0,0.7,10.0,2.0,6.0,32.0,8.0,75.0,21.0,100.0,56.0,103.0,24.0,93.0,79.0,590.0,36.0
NORTH UNIVERSITY,4791,2484,4295,1.7,496,326,2158,92,3.7,1.5,1.2,0.6,0.4,9.7,47.9,23.6,6.0,3.4,2.0,1.9,1.3,0.2,0.2,4791,2684,2484,200,13.0,20.3,235.9,78705,66.0,11917.0,21.0,17.0,4.0,14.0,2.0,39.0,8.0,1.0,0.0,1088.0,292500.0,0.3,2.0,1.0,6.0,23.0,10.0,57.0,38.0,94.0,79.0,49.0,70.0,40.0,100.0,511.0,30.0
NORTHWEST HILLS,11090,6037,11084,1.8,6,2391,3646,906,15.0,4.3,4.2,3.6,1.8,1.8,14.1,24.5,12.0,10.7,5.7,4.8,6.0,4.6,2.1,11090,6479,6037,442,39.1,7.8,1427.1,78759,7.0,65672.0,18.0,11.0,8.0,7.0,2.0,13.0,3.0,1.0,0.0,962.0,307800.0,0.2,1.0,2.0,2.0,18.0,3.0,75.0,13.0,99.0,45.0,60.0,7.0,60.0,28.0,629.0,40.0
OLD ENFIELD,1170,584,1168,2.0,2,247,337,106,18.2,5.6,3.6,5.0,2.3,0.5,7.7,21.5,16.8,14.4,5.0,6.2,7.4,2.1,2.1,1170,634,584,50,54.8,5.6,209.9,78703,10.0,92606.0,9.0,9.0,6.0,4.0,4.0,3.0,11.0,0.0,0.0,1183.0,621900.0,0.4,1.0,0.0,8.0,25.0,0.0,51.0,2.0,92.0,13.0,7.0,65.0,104.0,67.0,629.0,25.0
OLD WEST AUSTIN,4225,2603,4220,1.6,5,681,1922,227,8.7,3.0,2.6,1.9,1.0,1.1,10.8,35.6,15.8,11.7,5.3,5.4,4.0,1.1,0.7,4225,2915,2603,312,30.3,6.9,611.9,78703,10.0,92606.0,9.0,9.0,6.0,4.0,4.0,3.0,11.0,0.0,0.0,1183.0,621900.0,0.4,1.0,0.0,8.0,25.0,0.0,51.0,2.0,92.0,13.0,7.0,65.0,104.0,67.0,629.0,25.0
PARKER LANE,9581,4396,9560,2.2,21,1751,2645,951,21.6,9.2,6.0,4.4,2.5,3.0,15.9,25.7,13.6,9.8,3.7,2.4,2.1,1.2,0.4,9581,4867,4396,471,16.0,8.4,1133.9,78741,40.0,30183.0,16.0,62.0,9.0,9.0,10.0,76.0,15.0,21.0,3.0,835.0,120200.0,0.6,18.0,28.0,11.0,40.0,39.0,86.0,76.0,100.0,93.0,45.0,28.0,58.0,80.0,668.0,43.0
PECAN SPRINGS--SPINGDALE,4832,1693,4719,2.8,113,1130,563,467,27.6,8.5,7.4,6.3,3.7,2.2,7.6,17.0,13.5,11.7,5.3,4.8,6.6,3.6,1.7,4832,1978,1693,285,58.2,4.9,985.5,78723,29.0,41869.0,27.0,46.0,10.0,10.0,13.0,33.0,22.0,20.0,7.0,817.0,176500.0,1.3,13.0,1.0,18.0,44.0,4.0,82.0,28.0,99.0,83.0,49.0,28.0,107.0,84.0,668.0,43.0
PLEASANT VALLEY,12618,5163,12582,2.4,36,1302,3861,701,13.6,5.2,3.3,2.3,1.4,8.3,44.5,19.6,7.1,4.5,2.0,1.0,0.6,0.2,0.1,12618,5738,5163,575,5.0,8.8,1438.2,78741,40.0,30183.0,16.0,62.0,9.0,9.0,10.0,76.0,15.0,21.0,3.0,835.0,120200.0,0.6,18.0,28.0,11.0,40.0,39.0,86.0,76.0,100.0,93.0,45.0,28.0,58.0,80.0,668.0,43.0
POND SPRINGS,16628,8044,16621,2.1,7,3674,4370,1892,23.5,6.9,5.1,4.7,3.2,2.2,10.1,25.5,15.0,13.2,5.4,3.3,3.0,1.4,1.1,16628,8754,8044,710,27.6,7.7,2171.5,78729,8.0,57358.0,22.0,17.0,7.0,7.0,7.0,26.0,3.0,0.0,0.0,1008.0,192300.0,0.1,28.0,0.0,2.0,17.0,1.0,73.0,22.0,100.0,96.0,116.0,12.0,43.0,13.0,747.0,37.0
RIVERSIDE,12012,4961,12001,2.4,11,2169,2792,1298,26.2,10.0,6.8,4.5,2.5,3.0,14.9,26.3,14.6,9.5,3.3,1.9,1.9,0.6,0.3,12012,6536,4961,1575,9.1,16.7,719.8,78741,40.0,30183.0,16.0,62.0,9.0,9.0,10.0,76.0,15.0,21.0,3.0,835.0,120200.0,0.6,18.0,28.0,11.0,40.0,39.0,86.0,76.0,100.0,93.0,45.0,28.0,58.0,80.0,668.0,43.0
ROBINSON RANCH,873,480,873,1.8,0,190,290,69,14.4,4.7,4.2,1.8,1.5,1.0,10.5,33.0,17.4,9.4,6.6,3.7,3.4,2.2,0.5,873,521,480,41,25.6,0.1,7797.8,78729,8.0,57358.0,22.0,17.0,7.0,7.0,7.0,26.0,3.0,0.0,0.0,1008.0,192300.0,0.1,28.0,0.0,2.0,17.0,1.0,73.0,22.0,100.0,96.0,116.0,12.0,43.0,13.0,747.0,37.0
ROGERS HILL,10811,2596,9697,3.7,1114,2090,506,1302,50.2,10.0,10.0,8.6,4.6,3.0,8.7,20.4,15.6,10.2,3.2,2.5,2.2,0.8,0.2,10811,2904,2596,308,64.4,2.8,3876.5,78724,38.0,35711.0,29.0,63.0,8.0,8.0,28.0,85.0,16.0,38.0,20.0,962.0,105700.0,1.5,48.0,28.0,15.0,22.0,42.0,78.0,84.0,100.0,96.0,208.0,37.0,46.0,21.0,786.0,40.0
ROSEDALE,5819,2969,5701,1.9,118,1264,1705,575,19.4,6.3,4.6,3.6,1.8,0.7,6.4,20.8,17.3,14.3,6.3,4.2,4.1,3.9,5.8,5819,3327,2969,358,58.8,6.9,846.3,78756,9.0,59685.0,8.0,9.0,12.0,4.0,2.0,20.0,17.0,6.0,0.0,888.0,342300.0,0.6,8.0,2.0,13.0,34.0,3.0,76.0,19.0,99.0,37.0,-20.0,47.0,99.0,90.0,550.0,40.0
ROSEWOOD,4076,1486,3892,2.6,184,799,687,418,28.1,9.5,7.8,6.7,3.2,2.3,9.2,19.8,12.5,10.3,3.9,3.4,4.6,4.3,2.5,4076,1679,1486,193,42.5,7.1,572.2,78702,33.0,34734.0,18.0,56.0,14.0,11.0,10.0,21.0,41.0,39.0,2.0,766.0,175400.0,2.2,15.0,0.0,39.0,51.0,2.0,80.0,15.0,99.0,67.0,3.0,73.0,207.0,96.0,590.0,39.0
SAMSUNG--PIONEER CROSSING,5139,2035,5139,2.5,0,1199,836,680,33.4,10.9,6.8,4.9,2.6,1.6,8.8,29.2,18.1,9.0,3.2,2.1,1.8,0.6,0.2,5139,2212,2035,177,45.5,2.4,2124.4,78754,11.0,53274.0,36.0,32.0,8.0,9.0,7.0,70.0,4.0,9.0,5.0,969.0,167600.0,0.2,132.0,1.0,1.0,22.0,4.0,74.0,59.0,100.0,100.0,286.0,33.0,33.0,19.0,708.0,41.0
SLAUGHTER CREEK,10877,4638,10861,2.3,16,2510,2128,1323,28.5,7.9,6.5,5.6,3.1,2.1,11.2,26.9,14.5,11.3,4.3,3.0,2.2,1.0,0.3,10877,5058,4638,420,43.1,4.3,2551.6,78748,9.0,65889.0,10.0,35.0,9.0,6.0,8.0,29.0,4.0,7.0,3.0,1095.0,185500.0,0.6,74.0,0.0,4.0,12.0,0.0,63.0,22.0,100.0,92.0,260.0,29.0,58.0,40.0,747.0,44.0
SOUTH BRODIE,13243,4707,13223,2.8,20,3549,1158,1995,42.4,9.0,8.2,7.4,3.9,1.5,4.7,18.5,19.2,13.7,5.0,3.6,3.4,1.5,0.3,13243,4870,4707,163,79.2,4.0,3278.9,78748,9.0,65889.0,10.0,35.0,9.0,6.0,8.0,29.0,4.0,7.0,3.0,1095.0,185500.0,0.6,74.0,0.0,4.0,12.0,0.0,63.0,22.0,100.0,92.0,260.0,29.0,58.0,40.0,747.0,44.0
SOUTH LAMAR,8152,4264,8053,1.9,99,1307,2957,619,14.5,5.9,4.7,2.8,1.7,1.6,12.3,32.9,15.3,10.3,4.5,3.1,2.7,1.5,0.7,8152,4745,4264,481,18.7,10.5,777.7,78704,21.0,50248.0,7.0,30.0,9.0,7.0,3.0,13.0,12.0,13.0,1.0,940.0,338200.0,0.4,9.0,0.0,11.0,26.0,2.0,76.0,13.0,99.0,33.0,33.0,40.0,126.0,76.0,629.0,33.0
SOUTH MANCHACA,6453,2806,6443,2.3,10,1497,1309,561,20.0,5.8,4.4,4.4,2.9,1.9,7.5,19.9,15.6,14.3,7.0,5.5,6.2,3.5,1.1,6453,2971,2806,165,56.8,7.2,892.3,78745,16.0,49243.0,7.0,40.0,11.0,7.0,6.0,33.0,8.0,7.0,2.0,990.0,166200.0,0.7,21.0,1.0,6.0,24.0,3.0,72.0,29.0,99.0,96.0,73.0,30.0,83.0,76.0,668.0,35.0
SOUTH RIVER CITY,6511,3559,6384,1.8,127,1090,2469,488,13.7,5.4,3.5,3.0,1.2,1.3,11.3,29.5,16.5,12.0,6.3,4.2,3.5,1.6,0.8,6511,3979,3559,420,34.6,8.9,733.2,78704,21.0,50248.0,7.0,30.0,9.0,7.0,3.0,13.0,12.0,13.0,1.0,940.0,338200.0,0.4,9.0,0.0,11.0,26.0,2.0,76.0,13.0,99.0,33.0,33.0,40.0,126.0,76.0,629.0,33.0
SPICEWOOD,1182,434,1182,2.7,0,349,85,160,36.9,4.1,8.4,8.7,4.2,2.3,1.8,5.8,15.8,19.1,10.3,6.9,8.1,3.8,0.6,1182,449,434,15,93.3,0.6,2066.8,78744,26.0,41056.0,9.0,77.0,8.0,9.0,23.0,93.0,7.0,24.0,8.0,946.0,108100.0,0.7,35.0,13.0,6.0,22.0,33.0,81.0,87.0,100.0,100.0,89.0,26.0,44.0,63.0,708.0,40.0
ST. EDWARDS,5322,2045,4181,2.0,1141,660,1385,324,15.8,5.0,3.9,2.7,2.4,17.0,22.6,21.9,10.0,5.9,2.2,1.6,2.3,1.9,0.6,5322,2214,2045,169,11.8,7.4,719.6,78704,21.0,50248.0,7.0,30.0,9.0,7.0,3.0,13.0,12.0,13.0,1.0,940.0,338200.0,0.4,9.0,0.0,11.0,26.0,2.0,76.0,13.0,99.0,33.0,33.0,40.0,126.0,76.0,629.0,33.0
ST. JOHN,9348,3339,9308,2.8,40,1766,1573,1118,33.5,11.0,8.9,6.1,3.4,3.6,12.4,23.0,13.0,9.3,3.1,2.0,1.8,1.2,1.2,9348,3775,3339,436,11.4,11.7,798.0,78752,32.0,33271.0,19.0,57.0,11.0,9.0,8.0,43.0,20.0,7.0,2.0,752.0,153000.0,0.8,15.0,5.0,14.0,55.0,8.0,92.0,39.0,100.0,86.0,8.0,17.0,71.0,80.0,629.0,37.0
SWEET BRIAR,5746,2521,5740,2.3,6,1071,1450,495,19.6,6.1,5.8,4.6,2.5,2.6,18.0,24.8,12.3,9.6,4.7,3.2,4.1,1.4,0.3,5746,2695,2521,174,27.5,9.4,611.0,78745,16.0,49243.0,7.0,40.0,11.0,7.0,6.0,33.0,8.0,7.0,2.0,990.0,166200.0,0.7,21.0,1.0,6.0,24.0,3.0,72.0,29.0,99.0,96.0,73.0,30.0,83.0,76.0,668.0,35.0
TECH RIDGE,15842,6499,15832,2.4,10,3613,2886,1913,29.4,7.4,6.8,6.5,4.0,2.5,9.0,21.4,16.0,13.4,4.8,3.2,3.3,1.3,0.3,15842,7202,6499,703,45.7,3.6,4380.5,78753,26.0,39593.0,20.0,60.0,10.0,9.0,16.0,78.0,14.0,17.0,4.0,826.0,134900.0,0.7,19.0,8.0,11.0,40.0,24.0,89.0,75.0,100.0,98.0,128.0,26.0,40.0,59.0,708.0,44.0
TRIANGLE-STATE,1707,840,1460,1.7,247,152,688,45,5.4,1.5,0.8,0.8,1.2,3.6,44.7,26.4,6.9,6.2,3.1,2.2,1.5,0.8,0.2,1707,926,840,86,3.7,5.5,311.3,78751,26.0,38624.0,11.0,14.0,6.0,9.0,2.0,11.0,13.0,1.0,0.0,865.0,292200.0,0.4,7.0,0.0,9.0,38.0,2.0,68.0,10.0,97.0,42.0,23.0,38.0,97.0,98.0,550.0,40.0
UNIVERSITY HILLS,4665,1787,4643,2.6,22,1084,703,433,24.2,6.9,6.2,6.5,3.6,2.4,7.7,18.5,12.7,13.2,5.7,5.4,7.0,3.8,0.7,4665,1950,1787,163,57.5,6.4,726.4,78723,29.0,41869.0,27.0,46.0,10.0,10.0,13.0,33.0,22.0,20.0,7.0,817.0,176500.0,1.3,13.0,1.0,18.0,44.0,4.0,82.0,28.0,99.0,83.0,49.0,28.0,107.0,84.0,668.0,43.0
UPPER BOGGY CREEK,5302,2584,5299,2.1,3,968,1616,394,15.2,5.6,3.3,2.9,1.4,1.1,12.2,31.3,15.8,10.3,5.1,3.7,3.3,2.5,1.7,5302,2809,2584,225,44.1,7.4,719.7,78722,19.0,44917.0,18.0,19.0,11.0,8.0,3.0,7.0,11.0,12.0,1.0,930.0,265100.0,0.9,6.0,0.0,8.0,31.0,1.0,65.0,6.0,97.0,37.0,8.0,40.0,127.0,98.0,590.0,33.0
VILLAGE AT WESTERN OAKS,10163,4035,10163,2.5,0,2763,1272,1579,39.1,8.2,8.5,7.1,3.8,1.2,3.3,14.6,19.5,16.1,6.1,4.4,4.1,2.1,1.0,10163,4114,4035,79,75.0,5.7,1780.3,78749,6.0,80956.0,13.0,20.0,7.0,4.0,7.0,5.0,1.0,1.0,0.0,1150.0,233900.0,0.3,32.0,0.0,1.0,6.0,0.0,57.0,3.0,97.0,70.0,171.0,25.0,61.0,37.0,708.0,40.0
WALNUT CREEK--PIONEER HILL,3012,1394,3006,2.2,6,671,723,331,23.7,8.7,6.0,4.0,2.3,1.9,11.1,27.9,14.7,11.3,4.2,2.9,3.2,1.5,0.4,3012,1541,1394,147,21.4,1.6,1903.9,78753,26.0,39593.0,20.0,60.0,10.0,9.0,16.0,78.0,14.0,17.0,4.0,826.0,134900.0,0.7,19.0,8.0,11.0,40.0,24.0,89.0,75.0,100.0,98.0,128.0,26.0,40.0,59.0,708.0,44.0
WEST CONGRESS,2674,1072,2674,2.5,0,583,489,295,27.5,8.2,6.6,4.7,2.9,2.9,10.3,22.1,15.1,11.6,5.4,4.0,3.5,1.9,0.6,2674,1201,1072,129,39.8,7.1,377.1,78745,16.0,49243.0,7.0,40.0,11.0,7.0,6.0,33.0,8.0,7.0,2.0,990.0,166200.0,0.7,21.0,1.0,6.0,24.0,3.0,72.0,29.0,99.0,96.0,73.0,30.0,83.0,76.0,668.0,35.0
WEST OAK HILL,17275,6778,17257,2.5,18,4551,2227,2304,34.0,8.1,7.6,6.1,3.7,1.9,5.2,16.1,17.0,15.6,6.9,4.8,4.5,2.0,0.6,17275,7100,6778,322,70.3,2.0,8559.2,78753,26.0,39593.0,20.0,60.0,10.0,9.0,16.0,78.0,14.0,17.0,4.0,826.0,134900.0,0.7,19.0,8.0,11.0,40.0,24.0,89.0,75.0,100.0,98.0,128.0,26.0,40.0,59.0,708.0,44.0
WEST UNIVERSITY,16408,6104,12492,2.0,3916,537,5567,97,1.6,0.5,0.3,0.2,0.2,21.2,66.1,7.2,1.8,1.2,0.5,0.4,0.3,0.1,0.1,16408,6471,6104,367,8.1,35.0,468.7,78705,66.0,11917.0,21.0,17.0,4.0,14.0,2.0,39.0,8.0,1.0,0.0,1088.0,292500.0,0.3,2.0,1.0,6.0,23.0,10.0,57.0,38.0,94.0,79.0,49.0,70.0,40.0,100.0,511.0,30.0
WESTGATE,3914,1675,3765,2.2,149,835,840,376,22.4,7.0,6.5,5.2,3.6,2.0,7.2,16.0,13.5,11.3,5.0,3.7,6.0,7.5,5.5,3914,1790,1675,115,38.2,7.2,540.2,78745,16.0,49243.0,7.0,40.0,11.0,7.0,6.0,33.0,8.0,7.0,2.0,990.0,166200.0,0.7,21.0,1.0,6.0,24.0,3.0,72.0,29.0,99.0,96.0,73.0,30.0,83.0,76.0,668.0,35.0
WESTOVER HILLS,7626,4012,7616,1.9,10,1774,2238,678,16.9,4.1,4.1,4.2,2.8,1.2,7.6,17.1,13.0,13.6,6.9,6.0,9.6,7.0,2.7,7626,4353,4012,341,58.1,6.2,1230.6,78759,7.0,65672.0,18.0,11.0,8.0,7.0,2.0,13.0,3.0,1.0,0.0,962.0,307800.0,0.2,1.0,2.0,2.0,18.0,3.0,75.0,13.0,99.0,45.0,60.0,7.0,60.0,28.0,629.0,40.0
WINDSOR HILLS,7089,2275,6908,3.0,181,1488,787,766,33.7,8.9,8.5,6.5,3.9,2.5,8.0,16.0,13.8,11.8,4.3,4.4,5.2,3.9,2.2,7089,2449,2275,174,51.6,9.0,790.5,78753,26.0,39593.0,20.0,60.0,10.0,9.0,16.0,78.0,14.0,17.0,4.0,826.0,134900.0,0.7,19.0,8.0,11.0,40.0,24.0,89.0,75.0,100.0,98.0,128.0,26.0,40.0,59.0,708.0,44.0
WINDSOR PARK,15086,5599,15007,2.7,79,3167,2432,1607,28.7,9.3,7.3,5.5,3.2,2.7,9.1,20.5,14.7,12.0,4.4,3.5,3.7,2.9,1.1,15086,6528,5599,929,40.1,9.8,1532.3,78723,29.0,41869.0,27.0,46.0,10.0,10.0,13.0,33.0,22.0,20.0,7.0,817.0,176500.0,1.3,13.0,1.0,18.0,44.0,4.0,82.0,28.0,99.0,83.0,49.0,28.0,107.0,84.0,668.0,43.0
WINDSOR ROAD,2985,1225,2968,2.4,17,769,456,433,35.3,8.8,8.3,5.9,3.4,1.3,3.9,12.5,16.5,15.1,7.9,7.0,5.2,2.7,1.4,2985,1342,1225,117,77.8,5.5,545.6,78703,10.0,92606.0,9.0,9.0,6.0,4.0,4.0,3.0,11.0,0.0,0.0,1183.0,621900.0,0.4,1.0,0.0,8.0,25.0,0.0,51.0,2.0,92.0,13.0,7.0,65.0,104.0,67.0,629.0,25.0
WOOTEN,5339,2027,5331,2.6,8,1197,830,602,29.7,9.1,7.9,5.1,2.7,2.3,8.1,21.9,15.9,11.6,4.3,2.9,3.6,3.4,1.2,5339,2257,2027,230,43.6,8.6,621.0,78757,16.0,55156.0,5.0,25.0,10.0,6.0,5.0,21.0,8.0,4.0,1.0,895.0,253300.0,0.7,10.0,2.0,6.0,32.0,8.0,75.0,21.0,100.0,56.0,103.0,24.0,93.0,79.0,590.0,36.0
ZILKER,5779,3174,5728,1.8,51,1155,2019,511,16.1,5.0,3.7,3.4,1.7,0.8,5.9,26.9,19.8,14.2,7.0,4.9,3.8,1.9,1.1,5779,3652,3174,478,47.6,7.7,747.0,78704,21.0,50248.0,7.0,30.0,9.0,7.0,3.0,13.0,12.0,13.0,1.0,940.0,338200.0,0.4,9.0,0.0,11.0,26.0,2.0,76.0,13.0,99.0,33.0,33.0,40.0,126.0,76.0,629.0,33.0
